K,AAA,1.596,0
N,AAC,1.903,1
N,AAT,0.097,3
T,ACA,0.141,4
T,ACC,1.87,5
T,ACG,0.185,6
T,ACT,1.804,7
I,ATA,0.008,12
I,ATC,2.525,13
M,ATG,1,14
I,ATT,0.466,15
Q,CAA,0.22,16
H,CAC,1.549,17
Q,CAG,1.78,18
H,CAT,0.451,19
P,CCA,0.442,20
P,CCC,0.038,21
P,CCG,3.288,22
P,CCT,0.231,23
R,CGA,0.017,24
R,CGC,1.561,25
R,CGG,0.017,26
R,CGT,4.38,27
L,CTA,0.04,28
L,CTC,0.198,29
L,CTG,5.326,30
L,CTT,0.225,31
E,GAA,1.589,32
D,GAC,1.395,33
D,GAT,0.605,35
A,GCA,1.099,36
A,GCG,0.796,38
A,GCT,1.877,39
G,GGA,0.022,40
G,GGC,1.652,41
G,GGT,2.283,43
V,GTA,1.111,44
V,GTC,0.148,45
V,GTT,2.244,47
Y,TAC,1.614,49
Y,TAT,0.386,51
S,TCA,0.198,52
S,TCC,1.912,53
S,TCG,0.044,54
S,TCT,2.571,55
C,TGC,1.333,57
W,TGG,1,58
C,TGT,0.667,59
L,TTA,0.106,60
F,TTC,1.544,61
L,TTG,0.106,62
F,TTT,0.456,63
